{"airplane": [0.22539730370044708, 0.0, 0.0, 0.14679642021656036, 0.13683542609214783, 0.17911924421787262, 0.0, 0.15390275418758392, 0.001964683411642909, 0.23751479387283325, 0.005189551506191492, 0.17032374441623688, 0.008332056924700737, 0.19410337507724762, 0.0, 0.008351832628250122, 0.0, 0.06621555984020233, 0.009287861175835133, 0.0, 0.07567043602466583, 0.0, 0.0003550983965396881, 0.4617997109889984, 0.012804889120161533, 0.40021446347236633, 0.03307636082172394, 0.11765895038843155, 0.33788084983825684, 0.0, 4.740118129120674e-06, 0.10762590914964676], "automobile": [0.30678901076316833, 0.016907505691051483, 0.0, 0.20478270947933197, 0.08905810862779617, 0.25114259123802185, 0.002846822375431657, 0.17921750247478485, 0.0, 0.26320573687553406, 0.0, 0.06296029686927795, 0.001846063882112503, 0.1456882655620575, 0.0, 0.0, 0.0, 0.14632129669189453, 0.0, 0.0, 0.010781175456941128, 0.0, 0.0, 0.4711870849132538, 0.0192816611379385, 0.4221033751964569, 0.05045030638575554, 0.09274312108755112, 0.2863556444644928, 0.0, 0.0, 0.1296413093805313], "bird": [0.28032708168029785, 0.021620849147439003, 0.0, 0.1761518120765686, 0.1550046056509018, 0.2294074445962906, 0.0, 0.2218342274427414, 0.0, 0.2019844651222229, 0.0, 0.10580279678106308, 0.0008317234460264444, 0.06271689385175705, 0.0, 0.0010518162744119763, 0.0, 0.12438300251960754, 0.008023570291697979, 0.0, 0.0053027295507490635, 0.0, 0.0, 0.4844348728656769, 0.008861731737852097, 0.3516800105571747, 0.06556447595357895, 0.11858094483613968, 0.3389698266983032, 0.0, 0.009250299073755741, 0.06417986750602722], "cat": [0.394071489572525, 0.004542176146060228, 0.0, 0.24836362898349762, 0.12967851758003235, 0.2664200961589813, 0.0, 0.24072682857513428, 0.0, 0.21051008999347687, 0.0, 0.07221502810716629, 0.0, 0.06183043494820595, 0.0, 0.0, 0.0, 0.15279416739940643, 0.0, 0.0, 0.01688995398581028, 0.0, 0.004439373034983873, 0.4595628082752228, 0.026975179091095924, 0.3991717994213104, 0.13771982491016388, 0.047564178705215454, 0.2505469024181366, 0.0, 0.0, 0.045380622148513794], "deer": [0.3186558783054352, 0.0030590845271945, 0.005766897927969694, 0.18472065031528473, 0.1691959649324417, 0.2337876558303833, 0.026156410574913025, 0.22189287841320038, 0.009520184248685837, 0.11644009500741959, 0.0069702304899692535, 0.2140030711889267, 0.0, 0.07829301804304123, 0.0, 0.005925482604652643, 0.0, 0.10062062740325928, 0.0035042448434978724, 0.0, 0.0674087405204773, 0.0, 0.008644641377031803, 0.4414079487323761, 0.016273509711027145, 0.3847200572490692, 0.04194942116737366, 0.06384851783514023, 0.357155442237854, 0.0, 0.0, 0.034623075276613235], "frog": [0.40034937858581543, 0.010885375551879406, 0.0, 0.25097110867500305, 0.20732678472995758, 0.2626357972621918, 0.0, 0.32356688380241394, 0.008964155800640583, 0.12187093496322632, 0.0, 0.19329829514026642, 0.0, 0.009686299599707127, 0.0, 0.012338957749307156, 0.0, 0.12456071376800537, 0.007625427562743425, 0.0, 0.015417095273733139, 0.0, 0.003454119199886918, 0.4163898229598999, 0.06157425045967102, 0.3318515121936798, 0.17678427696228027, 0.0, 0.2452479749917984, 0.0, 0.0, 0.005641985684633255], "horse": [0.26618263125419617, 0.020195377990603447, 0.0, 0.20788788795471191, 0.04139168560504913, 0.25840476155281067, 0.0, 0.18820695579051971, 0.002500912407413125, 0.28832632303237915, 0.0, 0.04216725006699562, 0.0020824021194130182, 0.16799016296863556, 0.0, 0.0062502105720341206, 0.0, 0.11254686117172241, 0.007766055408865213, 0.0, 0.0010947359260171652, 0.0, 0.0, 0.459606796503067, 0.006135007366538048, 0.4082862138748169, 0.05332551524043083, 0.12847164273262024, 0.3023861050605774, 0.0, 0.0003654068277683109, 0.12319234758615494], "ship": [0.2313154935836792, 0.0, 0.0, 0.17362046241760254, 0.08459252864122391, 0.21868734061717987, 0.0, 0.14812025427818298, 0.0, 0.2620704770088196, 0.0, 0.1039406880736351, 0.0028991105500608683, 0.19576144218444824, 0.0, 0.0, 0.0, 0.0841020941734314, 0.0, 0.0, 0.027030115947127342, 0.0, 0.0, 0.47960928082466125, 0.0, 0.4112922251224518, 0.0030980920419096947, 0.13530601561069489, 0.36774715781211853, 0.0, 0.0, 0.12665235996246338], "truck": [0.3517574965953827, 0.0007568296859972179, 0.0, 0.2152547687292099, 0.09117040038108826, 0.24350018799304962, 0.0, 0.2095963954925537, 0.0, 0.24847237765789032, 0.0, 0.05326718091964722, 0.0, 0.0980188176035881, 0.0, 0.0, 0.0, 0.15175022184848785, 0.0, 0.0, 0.02027999423444271, 0.0, 0.0, 0.5106909275054932, 0.011575360782444477, 0.42472293972969055, 0.041319530457258224, 0.0290604829788208, 0.32411637902259827, 0.0, 0.0, 0.041865576058626175]}