{"airplane": [0.41595304012298584, 0.23194795846939087, 0.010411260649561882, 0.051135193556547165, 0.06122858449816704, 0.2070130556821823, 0.0, 0.12079598754644394, 0.0, 0.3697637617588043, 0.0004023258516099304, 0.0, 0.10440615564584732, 0.20663245022296906, 0.0, 0.0, 0.0, 0.13859200477600098, 0.0, 0.005412011872977018, 0.0, 0.0, 0.0, 0.40322062373161316, 0.0, 0.33299729228019714, 0.0017404038226231933, 0.08749682456254959, 0.18131940066814423, 0.004726155661046505, 0.0, 0.35788896679878235], "automobile": [0.4421987533569336, 0.24238717555999756, 0.0029483793769031763, 0.04431651160120964, 0.0060255746357142925, 0.2395380586385727, 0.0, 0.1104276180267334, 0.0, 0.3919288218021393, 0.0, 0.0, 0.09715648740530014, 0.21884948015213013, 0.0, 0.0, 0.0, 0.14946572482585907, 0.0, 0.0, 0.0, 0.0, 0.0, 0.4032549560070038, 0.0, 0.3381854295730591, 0.005411540623754263, 0.05545235052704811, 0.14941547811031342, 0.005946097429841757, 0.0, 0.352199524641037], "bird": [0.4012990891933441, 0.2694869935512543, 0.01239913422614336, 0.05986722186207771, 0.01583598367869854, 0.23778454959392548, 0.0, 0.1411139965057373, 0.0, 0.35668882727622986, 0.0, 0.0, 0.09141334146261215, 0.2001974731683731, 0.0, 0.0, 0.0, 0.11896447092294693, 0.0, 0.0, 0.0, 0.0, 0.0, 0.3593482971191406, 0.0, 0.3684820830821991, 0.01778874732553959, 0.11096271127462387, 0.17184017598628998, 0.041646216064691544, 0.0, 0.3622312545776367], "cat": [0.44364067912101746, 0.2502543330192566, 0.0, 0.049244437366724014, 0.0007942823576740921, 0.24880187213420868, 0.0, 0.10787150263786316, 0.0, 0.39994749426841736, 0.0, 0.0, 0.10359394550323486, 0.2302655577659607, 0.0, 0.0, 0.0, 0.1619793325662613, 0.0, 0.0, 0.0, 0.0, 0.0, 0.40688785910606384, 0.0, 0.3482983410358429, 0.008107324130833149, 0.02249017171561718, 0.13879722356796265, 0.005967685487121344, 0.0, 0.31106945872306824], "deer": [0.4327928125858307, 0.24304556846618652, 0.0038625020533800125, 0.0622653067111969, 0.02050887420773506, 0.2474460005760193, 0.00398658774793148, 0.10948500782251358, 0.0, 0.3785008490085602, 0.0, 0.0, 0.09220243245363235, 0.20054535567760468, 0.0, 0.0, 0.0, 0.16271056234836578, 0.0, 0.003242788603529334, 0.0, 0.0, 0.0, 0.3926238715648651, 0.0, 0.3709910809993744, 0.006896971259266138, 0.05043087899684906, 0.15898267924785614, 0.017544519156217575, 0.0, 0.33259180188179016], "frog": [0.4220346510410309, 0.2750285863876343, 0.0019180694362148643, 0.06114916503429413, 0.003148093819618225, 0.26429638266563416, 0.0, 0.12953512370586395, 0.0, 0.3999418318271637, 0.0, 0.0, 0.11141705513000488, 0.22859008610248566, 0.0, 0.0, 0.0, 0.1575915366411209, 0.0, 0.0, 0.0, 0.0, 0.0, 0.4007206857204437, 0.0, 0.371111661195755, 0.020963570103049278, 0.020450374111533165, 0.13931290805339813, 0.006812840700149536, 0.0, 0.2755848467350006], "horse": [0.4277803599834442, 0.2476281374692917, 0.003379805013537407, 0.04761481285095215, 0.0021705268882215023, 0.24374546110630035, 0.0, 0.11894214153289795, 0.0, 0.3880096971988678, 0.0, 0.0, 0.10013553500175476, 0.20697106420993805, 0.0, 0.0, 0.0, 0.1382857710123062, 0.0, 0.0, 0.0, 0.0, 0.0, 0.38273826241493225, 0.0, 0.3445073366165161, 0.003781468840315938, 0.08525369316339493, 0.1614755243062973, 0.018625032156705856, 0.0, 0.3693781793117523], "ship": [0.4413708746433258, 0.23335261642932892, 0.0, 0.046489834785461426, 0.005328512284904718, 0.22730158269405365, 0.0, 0.1139383539557457, 0.0, 0.3919551372528076, 0.0, 0.0, 0.10412460565567017, 0.20867395401000977, 0.0, 0.0, 0.0, 0.13259701430797577, 0.0, 0.0, 0.0, 0.0, 0.0, 0.3951473534107208, 0.0, 0.3267297148704529, 0.0, 0.08675754815340042, 0.16718800365924835, 0.010487311519682407, 0.0, 0.3840089738368988], "truck": [0.4501744210720062, 0.24561966955661774, 0.0, 0.04202171042561531, 0.0035945021081715822, 0.23193414509296417, 0.0, 0.11029297113418579, 0.0, 0.4012920558452606, 0.0, 0.0, 0.10531958937644958, 0.22570432722568512, 0.0, 0.0, 0.0, 0.15274764597415924, 0.0, 0.0, 0.0, 0.0, 0.0, 0.4119775593280792, 0.0, 0.3322642147541046, 0.0037363481242209673, 0.03203180804848671, 0.14440198242664337, 0.002100451849400997, 0.0, 0.3360503911972046]}