{"airplane": [0.4205232858657837, 0.20011143386363983, 0.0, 0.0482621043920517, 0.0, 0.2278795689344406, 0.0, 0.08203614503145218, 0.0, 0.36617666482925415, 0.0, 0.0, 0.08139494806528091, 0.17629414796829224, 0.0, 0.0, 0.0, 0.12743355333805084, 0.0, 0.0, 0.0, 0.0, 0.0, 0.3448256552219391, 0.0, 0.335249662399292, 0.0, 0.1603965163230896, 0.19882656633853912, 0.03907265141606331, 0.0, 0.48581379652023315], "automobile": [0.4331536293029785, 0.21877077221870422, 0.0, 0.03404435142874718, 0.0, 0.22338195145130157, 0.0, 0.09862321615219116, 0.0, 0.3890286386013031, 0.0, 0.0, 0.09192848205566406, 0.20286844670772552, 0.0, 0.0, 0.0, 0.13770601153373718, 0.0, 0.0, 0.0, 0.0, 0.0, 0.38324984908103943, 0.0, 0.3322804868221283, 0.0, 0.10173310339450836, 0.1736937016248703, 0.007455017883330584, 0.0, 0.4312240779399872], "bird": [0.3988977372646332, 0.21905040740966797, 0.0, 0.06393411010503769, 0.0, 0.2666952311992645, 0.0, 0.072478748857975, 0.0, 0.3406776189804077, 0.0, 0.0, 0.05705271661281586, 0.1630605310201645, 0.0, 0.0, 0.0, 0.1824820339679718, 0.0, 0.0, 0.0, 0.0, 0.0, 0.3335834741592407, 0.0, 0.42924708127975464, 0.0, 0.08906388282775879, 0.20878995954990387, 0.05461103096604347, 0.0, 0.42800334095954895], "cat": [0.4504307210445404, 0.24337077140808105, 0.0, 0.061115529388189316, 0.0, 0.2485954910516739, 0.0, 0.10840906202793121, 0.0, 0.39705023169517517, 0.0, 0.0, 0.10439028590917587, 0.20752637088298798, 0.0, 0.0, 0.0, 0.14867377281188965, 0.0, 0.0, 0.0, 0.0, 0.0, 0.3921999931335449, 0.0, 0.3486904799938202, 0.0, 0.04651691019535065, 0.1642806977033615, 0.015359473414719105, 0.0, 0.3494057357311249], "deer": [0.29044273495674133, 0.3374748229980469, 0.13638974726200104, 0.14215007424354553, 0.12365484237670898, 0.3182735741138458, 0.0, 0.2083650678396225, 0.0, 0.2469119131565094, 0.0, 0.0, 0.045965567231178284, 0.03300178050994873, 0.0, 0.0, 0.0, 0.09258388727903366, 0.0, 0.0, 0.0, 0.0, 0.0, 0.23570242524147034, 0.0, 0.472695529460907, 0.07416579127311707, 0.24293455481529236, 0.21253737807273865, 0.13309720158576965, 0.0, 0.35185179114341736], "dog": [0.45781704783439636, 0.2522220313549042, 0.0, 0.038624029606580734, 0.0, 0.24236945807933807, 0.0, 0.11398865282535553, 0.0, 0.4074316918849945, 0.0, 0.0, 0.11330142617225647, 0.239071324467659, 0.0, 0.0, 0.0, 0.1440281867980957, 0.0, 0.0, 0.0, 0.0, 0.0, 0.41442689299583435, 0.0, 0.32334449887275696, 0.0, 0.0038924894761294127, 0.13457627594470978, 0.0, 0.0, 0.3199924826622009], "frog": [0.4045994281768799, 0.24113236367702484, 0.0, 0.0716983899474144, 0.0, 0.26668593287467957, 0.0, 0.1019444391131401, 0.0, 0.3459942042827606, 0.0, 0.0, 0.051746249198913574, 0.18772612512111664, 0.0, 0.0, 0.0, 0.17298337817192078, 0.0, 0.0, 0.0, 0.0, 0.0, 0.3582482635974884, 0.0, 0.42739546298980713, 0.0, 0.07832128554582596, 0.18819423019886017, 0.046062666922807693, 0.0, 0.38634705543518066], "horse": [0.4010561406612396, 0.2522471249103546, 0.0, 0.044367436319589615, 0.0, 0.2511899173259735, 0.0, 0.1255190372467041, 0.0, 0.3451625108718872, 0.0, 0.0, 0.06983602792024612, 0.18531614542007446, 0.0, 0.0, 0.0, 0.13929982483386993, 0.0, 0.0, 0.0, 0.0, 0.0, 0.35211122035980225, 0.0, 0.38161614537239075, 0.0, 0.15039214491844177, 0.1970832794904709, 0.05189213529229164, 0.0, 0.4279944598674774], "ship": [0.40985244512557983, 0.21798941493034363, 0.0, 0.08745907247066498, 0.0, 0.24470911920070648, 0.0, 0.09859418123960495, 0.0, 0.3365892767906189, 0.0, 0.0, 0.06795740872621536, 0.17186835408210754, 0.0, 0.0, 0.0, 0.1668788641691208, 0.0, 0.0, 0.0, 0.0, 0.0, 0.3692949712276459, 0.0, 0.4120829105377197, 0.0, 0.09709486365318298, 0.2230393886566162, 0.039170946925878525, 0.0, 0.4062656760215759], "truck": [0.43712106347084045, 0.2610127031803131, 0.0, 0.04921894893050194, 0.0, 0.24634942412376404, 0.0, 0.13128870725631714, 0.0, 0.39864152669906616, 0.0, 0.0, 0.10710524022579193, 0.21389280259609222, 0.0, 0.0, 0.0, 0.1302952617406845, 0.0, 0.0, 0.0, 0.0, 0.0, 0.3928817808628082, 0.0, 0.3410109579563141, 0.0, 0.07269300520420074, 0.15490490198135376, 0.007822174578905106, 0.0, 0.35686296224594116]}