{"airplane": [0.023896967992186546, 0.0, 0.0, 0.14037653803825378, 0.0, 0.18346548080444336, 0.0, 0.02974914200603962, 0.0, 0.38452982902526855, 0.0, 0.0, 0.029288824647665024, 0.3151923418045044, 0.0, 0.0, 0.0, 0.04576851800084114, 0.0, 0.0, 0.0, 0.0, 0.0, 0.36125490069389343, 0.0, 0.41665536165237427, 0.0, 0.433243989944458, 0.30704790353775024, 0.0, 0.0, 0.3300473093986511], "automobile": [0.1631210893392563, 0.0, 0.0, 0.17176879942417145, 0.0, 0.2203425168991089, 0.0, 0.0996074303984642, 0.0, 0.38253259658813477, 0.0, 0.0, 0.0, 0.2863241136074066, 0.0, 0.0, 0.0, 0.07649653404951096, 0.0, 0.0, 0.0, 0.0, 0.0, 0.45691975951194763, 0.0, 0.46258869767189026, 0.0, 0.22854375839233398, 0.325006902217865, 0.0, 0.0, 0.2657528221607208], "bird": [0.24697914719581604, 0.0, 0.0, 0.15816356241703033, 0.0, 0.2583116888999939, 0.0, 0.2243710458278656, 0.0, 0.11771596223115921, 0.0, 0.15713101625442505, 0.0, 0.04994820058345795, 0.0, 0.0, 0.0, 0.10506998747587204, 0.0, 0.0, 0.0, 0.0, 0.0, 0.5206716060638428, 0.0, 0.43634024262428284, 0.0, 0.13921868801116943, 0.5137733817100525, 0.0, 0.0, 0.0], "cat": [0.3528071343898773, 0.0, 0.0, 0.2658981680870056, 0.07173291593790054, 0.26416638493537903, 0.0, 0.2653648555278778, 0.0, 0.1721581071615219, 0.0, 0.0477181114256382, 0.0, 0.04554372653365135, 0.0, 0.0, 0.0, 0.09895054996013641, 0.0, 0.0, 0.0, 0.0, 0.0, 0.4901711940765381, 0.0, 0.4295962154865265, 0.0, 0.0, 0.4368932843208313, 0.0, 0.0, 0.0], "deer": [0.22823424637317657, 0.0, 0.0, 0.12771855294704437, 0.34015321731567383, 0.2328396737575531, 0.0, 0.2745474874973297, 0.07824043929576874, 0.0, 0.0, 0.5500172972679138, 0.0, 0.02589200809597969, 0.0, 0.11858443170785904, 0.0, 0.05185767263174057, 0.11659707874059677, 0.0, 0.04256085678935051, 0.0, 0.0, 0.376890629529953, 0.0, 0.1897469162940979, 0.0, 0.007745103444904089, 0.40831732749938965, 0.0, 0.0, 0.0], "dog": [0.38673192262649536, 0.05673985183238983, 0.0, 0.24631448090076447, 0.0, 0.29338404536247253, 0.0, 0.18239088356494904, 0.0, 0.33566272258758545, 0.0, 0.0, 0.0, 0.12390405684709549, 0.0, 0.0, 0.0, 0.20305070281028748, 0.0, 0.0, 0.0, 0.0, 0.0, 0.47740626335144043, 0.0, 0.4297176003456116, 0.15577849745750427, 0.0, 0.17919453978538513, 0.0, 0.0, 0.17030753195285797], "frog": [0.30880895256996155, 0.0, 0.0, 0.20503084361553192, 0.1031709760427475, 0.25927188992500305, 0.0, 0.28451821208000183, 0.0, 0.0943663939833641, 0.0, 0.21236465871334076, 0.0, 0.04870947450399399, 0.0, 0.0, 0.0, 0.08456353098154068, 0.0, 0.0, 0.011041909456253052, 0.0, 0.0, 0.49648696184158325, 0.0, 0.42485034465789795, 0.0, 0.05246545374393463, 0.4586758613586426, 0.0, 0.0, 0.0], "horse": [0.1866607666015625, 0.0, 0.0, 0.16859135031700134, 0.0, 0.29856061935424805, 0.0, 0.2061479240655899, 0.0, 0.2440996915102005, 0.0, 0.0, 0.0, 0.01640249416232109, 0.0, 0.0, 0.0, 0.12255966663360596, 0.0, 0.0, 0.0, 0.0, 0.0, 0.49704352021217346, 0.0, 0.4492868185043335, 0.0, 0.28373411297798157, 0.4362342655658722, 0.0, 0.0, 0.1025104820728302], "ship": [0.22442907094955444, 0.0, 0.0, 0.10583353042602539, 0.19645103812217712, 0.16192902624607086, 0.0, 0.19697612524032593, 0.0, 0.04948883503675461, 0.0, 0.3896929919719696, 0.0, 0.12004585564136505, 0.0, 0.0, 0.0, 0.033637937158346176, 0.0, 0.0, 0.11278868466615677, 0.0, 0.0, 0.5119682550430298, 0.0, 0.36371076107025146, 0.0, 0.012733090668916702, 0.5076262950897217, 0.0, 0.0, 0.0], "truck": [0.32457542419433594, 0.0, 0.0, 0.22780336439609528, 0.0, 0.2909650504589081, 0.0, 0.23106306791305542, 0.0, 0.27793052792549133, 0.0, 0.0, 0.0, 0.15260247886180878, 0.0, 0.0, 0.0, 0.13823892176151276, 0.0, 0.0, 0.0, 0.0, 0.0, 0.5313899517059326, 0.0, 0.427602082490921, 0.06399419158697128, 0.0, 0.3393484354019165, 0.0, 0.0, 0.024318834766745567]}